{
  "data": [
    {
      "id": "m01",
      "title": "Avengers: Infinity War",
      "description": "As the Avengers and their allies have continued to protect the world from threats too large for any one hero to handle, a new danger has emerged from the cosmic shadows: Thanos. A despot of intergalactic infamy, his goal is to collect all six Infinity Stones, artifacts of unimaginable power, and use them to inflict his twisted will on all of reality. Everything the Avengers have fought for has led up to this moment - the fate of Earth and existence itself has never been more uncertain.",
      "date": "April, 25 2018",
      "duration": "2h 29m",
      "language": "English",
      "img": "@drawable/poster_avengerinfinity"
    },
    {
      "id": "m02",
      "title": "Bird Box",
      "description": "Five years after an ominous unseen presence drives most of society to suicide, a survivor and her two children make a desperate bid to reach safety.",
      "date": "December, 13 2018",
      "duration": "2h 4m",
      "language": "English",
      "img": "@drawable/poster_birdbox"
    },
    {
      "id": "m03",
      "title": "Once Upon a Deadpool",
      "description": "A kidnapped Fred Savage is forced to endure Deadpool's PG-13 rendition of Deadpool 2 as a Princess Bride-esque story that's full of magic, wonder &amp; zero F's.",
      "date": "December 11, 2018",
      "duration": "1h 57m",
      "language": "English",
      "img": "@drawable/poster_deadpool"
    },
    {
      "id": "m04",
      "title": "Venom",
      "description": "Investigative journalist Eddie Brock attempts a comeback following a scandal, but accidentally becomes the host of Venom, a violent, super powerful alien symbiote. Soon, he must rely on his newfound powers to protect the world from a shadowy organization looking for a symbiote of their own.",
      "date": "September 28, 2018",
      "duration": "1h 52m",
      "language": "English",
      "img": "@drawable/poster_venom"
    },
    {
      "id": "m05",
      "title": "Aquaman",
      "description": "nce home to the most advanced civilization on Earth, Atlantis is now an underwater kingdom ruled by the power-hungry King Orm. With a vast army at his disposal, Orm plans to conquer the remaining oceanic people and then the surface world. Standing in his way is Arthur Curry, Orm's half-human, half-Atlantean brother and true heir to the throne.",
      "date": "December 7, 2018",
      "duration": "2h 24m",
      "language": "English",
      "img": "@drawable/poster_aquaman"
    },
    {
      "id": "m06",
      "title": "Spider-Man: Into the Spider-Verse",
      "description": "Miles Morales is juggling his life between being a high school student and being a spider-man. When Wilson \"Kingpin\" Fisk uses a super collider, others from across the Spider-Verse are transported to this dimension.",
      "date": "December 6, 2018",
      "duration": "1h 57m",
      "language": "English",
      "img": "@drawable/poster_spiderman"
    },
    {
      "id": "m07",
      "title": "A Star Is Born",
      "description": "Seasoned musician Jackson Maine discovers — and falls in love with — struggling artist Ally. She has just about given up on her dream to make it big as a singer — until Jack coaxes her into the spotlight. But even as Ally's career takes off, the personal side of their relationship is breaking down, as Jack fights an ongoing battle with his own internal demons.",
      "date": "October 3, 2018",
      "duration": "2h 15m",
      "language": "English",
      "img": "@drawable/poster_a_star"
    },
    {
      "id": "m08",
      "title": "Glass",
      "description": "In a series of escalating encounters, former security guard David Dunn uses his supernatural abilities to track Kevin Wendell Crumb, a disturbed man who has twenty-four personalities. Meanwhile, the shadowy presence of Elijah Price emerges as an orchestrator who holds secrets critical to both men.",
      "date": "January 16, 2019",
      "duration": "2h 9m",
      "language": "English",
      "img": "@drawable/poster_glass"
    },
    {
      "id": "m09",
      "title": "Retired Thug",
      "description": "After three years, the business of Muslihat (Epi Kusnandar), who has retired as a thug, has a problem. Sales decline. Muslihat also faces new problems when Safira (Safira Maharani), her only daughter, grows up in adolescence and begins to be visited by boys. A bigger problem: frictions between his former subordinates.",
      "date": "January 17, 2019",
      "duration": "1h 34m",
      "language": "Indonesian",
      "img": "@drawable/poster_preman"
    },
    {
      "id": "m10",
      "title": "Creed II",
      "description": "Between personal obligations and training for his next big fight against an opponent with ties to his family's past, Adonis Creed is up against the challenge of his life.",
      "date": "November 21, 2018",
      "duration": "2h 10m",
      "language": "English",
      "img": "@drawable/poster_creed"
    }
  ]
}